{"cameraMode":{"drawMode":0,"name":"Shaded","section":"Shading Mode"},"sceneLighting":false,"audioPlay":false,"sceneViewState":{"showFog":false,"showMaterialUpdate":false,"showSkybox":false,"showFlares":false,"showImageEffects":false,"showParticleSystems":false},"in2DMode":false,"pivot":{"x":751.1286010742188,"y":0.06789398193359375,"z":-1693.577392578125},"rotation":{"x":-0.316546767950058,"y":-0.06616172194480896,"z":0.02214939333498478,"w":-0.946007490158081},"size":5.494923114776611,"orthographic":false}