{"cameraMode":{"drawMode":0,"name":"Shaded","section":"Shading Mode"},"sceneLighting":false,"audioPlay":false,"sceneViewState":{"showFog":false,"showMaterialUpdate":false,"showSkybox":false,"showFlares":false,"showImageEffects":false,"showParticleSystems":false},"in2DMode":false,"pivot":{"x":-0.025757312774658204,"y":0.5051193237304688,"z":0.4096097946166992},"rotation":{"x":0.5476666688919067,"y":-0.3765046000480652,"z":0.30161112546920779,"w":0.683620035648346},"size":34.71132278442383,"orthographic":false}