{"cameraMode":{"drawMode":0,"name":"Shaded","section":"Shading Mode"},"sceneLighting":false,"audioPlay":false,"sceneViewState":{"showFog":false,"showMaterialUpdate":false,"showSkybox":false,"showFlares":false,"showImageEffects":false,"showParticleSystems":false},"in2DMode":false,"pivot":{"x":3.628544807434082,"y":1.1860322952270508,"z":-1.409902572631836},"rotation":{"x":0.1397470384836197,"y":0.8171076774597168,"z":-0.22257119417190553,"w":0.5130965113639832},"size":8.696106910705567,"orthographic":false}