{"cameraMode":{"drawMode":0,"name":"Shaded","section":"Shading Mode"},"sceneLighting":false,"audioPlay":false,"sceneViewState":{"showFog":false,"showMaterialUpdate":false,"showSkybox":false,"showFlares":false,"showImageEffects":false,"showParticleSystems":false},"in2DMode":false,"pivot":{"x":-34.099998474121097,"y":0.010009765625,"z":1750.9000244140625},"rotation":{"x":-0.4701676070690155,"y":0.37442103028297427,"z":-0.22999346256256104,"w":-0.7654113173484802},"size":3.7042415142059328,"orthographic":false}