{"cameraMode":{"drawMode":0,"name":"Shaded","section":"Shading Mode"},"sceneLighting":false,"audioPlay":false,"sceneViewState":{"showFog":false,"showMaterialUpdate":false,"showSkybox":false,"showFlares":false,"showImageEffects":false,"showParticleSystems":false},"in2DMode":false,"pivot":{"x":1.9996529817581177,"y":1.76531183719635,"z":1768.430419921875},"rotation":{"x":-0.050109922885894778,"y":0.9431709051132202,"z":-0.28283601999282839,"w":-0.16709724068641663},"size":1.8522392511367798,"orthographic":false}