{"cameraMode":{"drawMode":0,"name":"Shaded","section":"Shading Mode"},"sceneLighting":false,"audioPlay":false,"sceneViewState":{"showFog":false,"showMaterialUpdate":false,"showSkybox":false,"showFlares":false,"showImageEffects":false,"showParticleSystems":false},"in2DMode":false,"pivot":{"x":1.1947251558303834,"y":-0.44819116592407229,"z":0.0},"rotation":{"x":-0.18954738974571229,"y":-0.7998946309089661,"z":0.46852776408195498,"w":-0.3236081600189209},"size":0.8036115169525147,"orthographic":false}