{"cameraMode":{"drawMode":0,"name":"Shaded","section":"Shading Mode"},"sceneLighting":false,"audioPlay":false,"sceneViewState":{"showFog":false,"showMaterialUpdate":false,"showSkybox":false,"showFlares":false,"showImageEffects":false,"showParticleSystems":false},"in2DMode":false,"pivot":{"x":1.3516499996185303,"y":0.16456031799316407,"z":0.03441572189331055},"rotation":{"x":0.5023620128631592,"y":0.27502480149269106,"z":-0.17241205275058747,"w":0.8014161586761475},"size":13.050536155700684,"orthographic":false}