{"cameraMode":{"drawMode":0,"name":"Shaded","section":"Shading Mode"},"sceneLighting":true,"audioPlay":false,"sceneViewState":{"showFog":false,"showMaterialUpdate":false,"showSkybox":false,"showFlares":false,"showImageEffects":false,"showParticleSystems":false},"in2DMode":false,"pivot":{"x":-343.3050537109375,"y":63.5831298828125,"z":391.9849853515625},"rotation":{"x":-0.018546350300312043,"y":-0.9494275450706482,"z":0.30817949771881106,"w":-0.057174477726221088},"size":595.9180908203125,"orthographic":false}