{"cameraMode":{"drawMode":0,"name":"Shaded","section":"Shading Mode"},"sceneLighting":false,"audioPlay":false,"sceneViewState":{"showFog":false,"showMaterialUpdate":false,"showSkybox":false,"showFlares":false,"showImageEffects":false,"showParticleSystems":false},"in2DMode":false,"pivot":{"x":1.2900424003601075,"y":-0.45742273330688479,"z":0.3572351932525635},"rotation":{"x":-0.39927560091018679,"y":-0.5422815084457398,"z":0.3264375925064087,"w":-0.663286030292511},"size":0.8036115169525147,"orthographic":false}