{"cameraMode":{"drawMode":0,"name":"Shaded","section":"Shading Mode"},"sceneLighting":false,"audioPlay":false,"sceneViewState":{"showFog":false,"showMaterialUpdate":false,"showSkybox":false,"showFlares":false,"showImageEffects":false,"showParticleSystems":false},"in2DMode":false,"pivot":{"x":-5.119999885559082,"y":-1.195999264717102,"z":8.21426510810852e-7},"rotation":{"x":0.6531652808189392,"y":-0.14802202582359315,"z":0.13229739665985108,"w":0.7307270765304565},"size":0.5537533760070801,"orthographic":false}