{"cameraMode":{"drawMode":0,"name":"Shaded","section":"Shading Mode"},"sceneLighting":false,"audioPlay":false,"sceneViewState":{"showFog":false,"showMaterialUpdate":false,"showSkybox":false,"showFlares":false,"showImageEffects":false,"showParticleSystems":false},"in2DMode":false,"pivot":{"x":-0.7463045120239258,"y":1.6829309463500977,"z":1.493370532989502},"rotation":{"x":0.2644619643688202,"y":-0.47831088304519656,"z":0.1536599099636078,"w":0.8232054710388184},"size":18.97562026977539,"orthographic":false}