{"cameraMode":{"drawMode":0,"name":"Shaded","section":"Shading Mode"},"sceneLighting":false,"audioPlay":false,"sceneViewState":{"showFog":false,"showMaterialUpdate":false,"showSkybox":false,"showFlares":false,"showImageEffects":false,"showParticleSystems":false},"in2DMode":false,"pivot":{"x":16.47857666015625,"y":0.0,"z":1765.0953369140625},"rotation":{"x":0.4107716679573059,"y":-0.014627484604716301,"z":0.006591360550373793,"w":0.9115970730781555},"size":4.678557395935059,"orthographic":false}