{"cameraMode":{"drawMode":0,"name":"Shaded","section":"Shading Mode"},"sceneLighting":false,"audioPlay":false,"sceneViewState":{"showFog":true,"showMaterialUpdate":false,"showSkybox":true,"showFlares":true,"showImageEffects":true,"showParticleSystems":true},"in2DMode":false,"pivot":{"x":-76.89022064208985,"y":0.008991241455078125,"z":33.7799186706543},"rotation":{"x":0.001938950619660318,"y":-0.8433427810668945,"z":0.5373640060424805,"w":0.0030429749749600889},"size":8.825797080993653,"orthographic":false}