{"cameraMode":{"drawMode":0,"name":"Shaded","section":"Shading Mode"},"sceneLighting":false,"audioPlay":false,"sceneViewState":{"showFog":true,"showMaterialUpdate":false,"showSkybox":true,"showFlares":true,"showImageEffects":true,"showParticleSystems":true},"in2DMode":false,"pivot":{"x":820.6266479492188,"y":-38.302215576171878,"z":684.0514526367188},"rotation":{"x":-0.5261261463165283,"y":-0.3950974941253662,"z":0.3011725842952728,"w":-0.690205991268158},"size":334.8376159667969,"orthographic":false}