{"cameraMode":{"drawMode":0,"name":"Shaded","section":"Shading Mode"},"sceneLighting":false,"audioPlay":false,"sceneViewState":{"showFog":true,"showMaterialUpdate":false,"showSkybox":true,"showFlares":true,"showImageEffects":true,"showParticleSystems":true},"in2DMode":false,"pivot":{"x":1.0,"y":0.010009765625,"z":1766.1290283203125},"rotation":{"x":0.001938950619660318,"y":-0.8433427810668945,"z":0.5373640060424805,"w":0.0030429749749600889},"size":7.326045989990234,"orthographic":false}