{"cameraMode":{"drawMode":0,"name":"Shaded","section":"Shading Mode"},"sceneLighting":false,"audioPlay":false,"sceneViewState":{"showFog":true,"showMaterialUpdate":false,"showSkybox":true,"showFlares":true,"showImageEffects":true,"showParticleSystems":true},"in2DMode":false,"pivot":{"x":154.22979736328126,"y":0.0048857927322387699,"z":-2.088222026824951},"rotation":{"x":-0.7167300581932068,"y":0.26722219586372378,"z":-0.3574238419532776,"w":-0.5358530879020691},"size":16.82539176940918,"orthographic":false}