{"cameraMode":{"drawMode":0,"name":"Shaded","section":"Shading Mode"},"sceneLighting":false,"audioPlay":false,"sceneViewState":{"showFog":true,"showMaterialUpdate":false,"showSkybox":true,"showFlares":true,"showImageEffects":true,"showParticleSystems":true},"in2DMode":false,"pivot":{"x":2104.79248046875,"y":397.341796875,"z":693.886474609375},"rotation":{"x":-0.5886682868003845,"y":0.24535833299160005,"z":-0.1937510222196579,"w":-0.7454727292060852},"size":17269.697265625,"orthographic":false}