{"cameraMode":{"drawMode":0,"name":"Shaded","section":"Shading Mode"},"sceneLighting":false,"audioPlay":false,"sceneViewState":{"showFog":true,"showMaterialUpdate":false,"showSkybox":true,"showFlares":true,"showImageEffects":true,"showParticleSystems":true},"in2DMode":false,"pivot":{"x":0.5862497091293335,"y":0.9441800117492676,"z":-0.02403014898300171},"rotation":{"x":-0.20798330008983613,"y":-0.7493754029273987,"z":0.27593356370925906,"w":-0.5648363828659058},"size":2.4002761840820314,"orthographic":false}