{"cameraMode":{"drawMode":0,"name":"Shaded","section":"Shading Mode"},"sceneLighting":false,"audioPlay":false,"sceneViewState":{"showFog":true,"showMaterialUpdate":false,"showSkybox":true,"showFlares":true,"showImageEffects":true,"showParticleSystems":true},"in2DMode":false,"pivot":{"x":3.5076663494110109,"y":-2.2509734630584719,"z":-0.8088839054107666},"rotation":{"x":-0.027873339131474496,"y":0.8776019215583801,"z":-0.47580963373184206,"w":-0.05141245201230049},"size":37.790714263916019,"orthographic":false}