{"cameraMode":{"drawMode":0,"name":"Shaded","section":"Shading Mode"},"sceneLighting":false,"audioPlay":false,"sceneViewState":{"showFog":true,"showMaterialUpdate":false,"showSkybox":true,"showFlares":true,"showImageEffects":true,"showParticleSystems":true},"in2DMode":false,"pivot":{"x":-3095.267333984375,"y":1217.275390625,"z":-1702.36083984375},"rotation":{"x":0.2618595063686371,"y":0.6660740375518799,"z":-0.6437064409255981,"w":0.2709558606147766},"size":21574.369140625,"orthographic":false}