{"cameraMode":{"drawMode":0,"name":"Shaded","section":"Shading Mode"},"sceneLighting":false,"audioPlay":false,"sceneViewState":{"showFog":true,"showMaterialUpdate":false,"showSkybox":true,"showFlares":true,"showImageEffects":true,"showParticleSystems":true},"in2DMode":false,"pivot":{"x":851.0252685546875,"y":0.5946710109710693,"z":845.3143310546875},"rotation":{"x":-0.43682044744491579,"y":-0.5630759596824646,"z":0.5032078623771668,"w":-0.4887896180152893},"size":125.1517105102539,"orthographic":false}