{"cameraMode":{"drawMode":0,"name":"Shaded","section":"Shading Mode"},"sceneLighting":false,"audioPlay":false,"sceneViewState":{"showFog":true,"showMaterialUpdate":false,"showSkybox":true,"showFlares":true,"showImageEffects":true,"showParticleSystems":true},"in2DMode":false,"pivot":{"x":4.525317192077637,"y":4.049447059631348,"z":1.705275535583496},"rotation":{"x":0.07818231731653214,"y":-0.03557003661990166,"z":0.00279225199483335,"w":0.996300458908081},"size":15.95614242553711,"orthographic":false}