{"cameraMode":{"drawMode":0,"name":"Shaded","section":"Shading Mode"},"sceneLighting":false,"audioPlay":false,"sceneViewState":{"showFog":true,"showMaterialUpdate":false,"showSkybox":true,"showFlares":true,"showImageEffects":true,"showParticleSystems":true},"in2DMode":false,"pivot":{"x":714.4703979492188,"y":0.0,"z":1021.239990234375},"rotation":{"x":0.001938950619660318,"y":-0.8433427810668945,"z":0.5373640060424805,"w":0.0030429749749600889},"size":24.001726150512697,"orthographic":false}