{"cameraMode":{"drawMode":0,"name":"Shaded","section":"Shading Mode"},"sceneLighting":false,"audioPlay":false,"sceneViewState":{"showFog":true,"showMaterialUpdate":false,"showSkybox":true,"showFlares":true,"showImageEffects":true,"showParticleSystems":true},"in2DMode":false,"pivot":{"x":283.6988525390625,"y":2.996063232421875,"z":-288.91204833984377},"rotation":{"x":-0.28623682260513308,"y":0.71333909034729,"z":-0.46665483713150027,"w":-0.4375489354133606},"size":187.11497497558595,"orthographic":false}