{"cameraMode":{"drawMode":0,"name":"Shaded","section":"Shading Mode"},"sceneLighting":false,"audioPlay":false,"sceneViewState":{"showFog":true,"showMaterialUpdate":false,"showSkybox":true,"showFlares":true,"showImageEffects":true,"showParticleSystems":true},"in2DMode":false,"pivot":{"x":-0.7415292263031006,"y":-0.3495320677757263,"z":5.364418029785156e-7},"rotation":{"x":-0.5261261463165283,"y":-0.3950974941253662,"z":0.3011725842952728,"w":-0.690205991268158},"size":2.1875901222229006,"orthographic":false}