{"cameraMode":{"drawMode":0,"name":"Shaded","section":"Shading Mode"},"sceneLighting":false,"audioPlay":false,"sceneViewState":{"showFog":true,"showMaterialUpdate":false,"showSkybox":true,"showFlares":true,"showImageEffects":true,"showParticleSystems":true},"in2DMode":false,"pivot":{"x":0.5111939907073975,"y":-1.1027944087982178,"z":0.007430702447891235},"rotation":{"x":-0.2309621125459671,"y":0.7530400156974793,"z":-0.5155260562896729,"w":-0.33737239241600039},"size":18.348739624023439,"orthographic":false}