{"cameraMode":{"drawMode":0,"name":"Shaded","section":"Shading Mode"},"sceneLighting":false,"audioPlay":false,"sceneViewState":{"showFog":true,"showMaterialUpdate":false,"showSkybox":true,"showFlares":true,"showImageEffects":true,"showParticleSystems":true},"in2DMode":false,"pivot":{"x":-1.1018882989883423,"y":0.8539438247680664,"z":2.446551561355591},"rotation":{"x":0.5773416757583618,"y":-0.1160539984703064,"z":0.08334711194038391,"w":0.8039038181304932},"size":23.68166160583496,"orthographic":false}