{"cameraMode":{"drawMode":0,"name":"Shaded","section":"Shading Mode"},"sceneLighting":false,"audioPlay":false,"sceneViewState":{"showFog":true,"showMaterialUpdate":false,"showSkybox":true,"showFlares":true,"showImageEffects":true,"showParticleSystems":true},"in2DMode":false,"pivot":{"x":-7.460000038146973,"y":-0.15999996662139893,"z":0.0},"rotation":{"x":0.4587576985359192,"y":0.16896964609622956,"z":-0.08932846039533615,"w":0.8677621483802795},"size":4.957213878631592,"orthographic":false}