{"cameraMode":{"drawMode":0,"name":"Shaded","section":"Shading Mode"},"sceneLighting":false,"audioPlay":false,"sceneViewState":{"showFog":true,"showMaterialUpdate":false,"showSkybox":true,"showFlares":true,"showImageEffects":true,"showParticleSystems":true},"in2DMode":false,"pivot":{"x":0.5516970157623291,"y":-0.03829846531152725,"z":-0.004740297794342041},"rotation":{"x":-0.2309621125459671,"y":0.7530400156974793,"z":-0.5155260562896729,"w":-0.33737239241600039},"size":2.6231284141540529,"orthographic":false}