{"cameraMode":{"drawMode":0,"name":"Shaded","section":"Shading Mode"},"sceneLighting":false,"audioPlay":false,"sceneViewState":{"showFog":true,"showMaterialUpdate":false,"showSkybox":true,"showFlares":true,"showImageEffects":true,"showParticleSystems":true},"in2DMode":false,"pivot":{"x":2.086543083190918,"y":-1.6239229440689088,"z":2.632796049118042},"rotation":{"x":0.22055292129516602,"y":-0.10915939509868622,"z":0.024848466739058496,"w":0.9689289331436157},"size":18.17147445678711,"orthographic":false}