{"cameraMode":{"drawMode":0,"name":"Shaded","section":"Shading Mode"},"sceneLighting":false,"audioPlay":false,"sceneViewState":{"showFog":true,"showMaterialUpdate":false,"showSkybox":true,"showFlares":true,"showImageEffects":true,"showParticleSystems":true},"in2DMode":false,"pivot":{"x":3.672994375228882,"y":-0.8585075736045837,"z":-0.4269275367259979},"rotation":{"x":0.18921440839767457,"y":-0.7863096594810486,"z":0.5110320448875427,"w":0.29113805294036868},"size":4.230478286743164,"orthographic":false}