{"cameraMode":{"drawMode":0,"name":"Shaded","section":"Shading Mode"},"sceneLighting":false,"audioPlay":false,"sceneViewState":{"showFog":true,"showMaterialUpdate":false,"showSkybox":true,"showFlares":true,"showImageEffects":true,"showParticleSystems":true},"in2DMode":false,"pivot":{"x":853.1168823242188,"y":0.005167484283447266,"z":597.1870727539063},"rotation":{"x":-0.40713050961494448,"y":0.5241472721099854,"z":-0.31441107392311098,"w":-0.6787194609642029},"size":16.021814346313478,"orthographic":false}