{"cameraMode":{"drawMode":0,"name":"Shaded","section":"Shading Mode"},"sceneLighting":false,"audioPlay":false,"sceneViewState":{"showFog":true,"showMaterialUpdate":false,"showSkybox":true,"showFlares":true,"showImageEffects":true,"showParticleSystems":true},"in2DMode":false,"pivot":{"x":10.420330047607422,"y":11.035295486450196,"z":9.31524658203125},"rotation":{"x":0.019670482724905015,"y":0.6935839653015137,"z":-0.018952518701553346,"w":0.7198578119277954},"size":30.442657470703126,"orthographic":false}