{"cameraMode":{"drawMode":0,"name":"Shaded","section":"Shading Mode"},"sceneLighting":false,"audioPlay":false,"sceneViewState":{"showFog":false,"showMaterialUpdate":false,"showSkybox":false,"showFlares":false,"showImageEffects":false,"showParticleSystems":false},"in2DMode":false,"pivot":{"x":808.732666015625,"y":0.504786491394043,"z":-1639.2064208984375},"rotation":{"x":-0.20761246979236604,"y":0.7818102836608887,"z":-0.48192110657691958,"w":-0.33678165078163149},"size":6.916554927825928,"orthographic":false}