{"cameraMode":{"drawMode":0,"name":"Shaded","section":"Shading Mode"},"sceneLighting":false,"audioPlay":false,"sceneViewState":{"showFog":false,"showMaterialUpdate":false,"showSkybox":false,"showFlares":false,"showImageEffects":false,"showParticleSystems":false},"in2DMode":false,"pivot":{"x":847.48876953125,"y":0.30399274826049807,"z":597.2000122070313},"rotation":{"x":0.5138435363769531,"y":0.3892393112182617,"z":-0.28139185905456545,"w":0.7108278274536133},"size":28.20119285583496,"orthographic":false}