{"cameraMode":{"drawMode":0,"name":"Shaded","section":"Shading Mode"},"sceneLighting":false,"audioPlay":false,"sceneViewState":{"showFog":false,"showMaterialUpdate":false,"showSkybox":false,"showFlares":false,"showImageEffects":false,"showParticleSystems":false},"in2DMode":false,"pivot":{"x":154.89541625976563,"y":1.470423936843872,"z":-1.0670832395553589},"rotation":{"x":0.3584210276603699,"y":0.07740060985088349,"z":-0.029846210032701494,"w":0.9298670887947083},"size":19.299266815185548,"orthographic":false}