{"cameraMode":{"drawMode":0,"name":"Shaded","section":"Shading Mode"},"sceneLighting":false,"audioPlay":false,"sceneViewState":{"showFog":false,"showMaterialUpdate":false,"showSkybox":false,"showFlares":false,"showImageEffects":false,"showParticleSystems":false},"in2DMode":false,"pivot":{"x":-136.02505493164063,"y":916.49755859375,"z":226.94927978515626},"rotation":{"x":0.4738723039627075,"y":0.5175041556358337,"z":-0.4340485632419586,"w":0.565010130405426},"size":2355.37060546875,"orthographic":false}