{"cameraMode":{"drawMode":0,"name":"Shaded","section":"Shading Mode"},"sceneLighting":false,"audioPlay":false,"sceneViewState":{"showFog":false,"showMaterialUpdate":false,"showSkybox":false,"showFlares":false,"showImageEffects":false,"showParticleSystems":false},"in2DMode":false,"pivot":{"x":105.27871704101563,"y":0.00009226799011230469,"z":0.6502206921577454},"rotation":{"x":-0.43857482075691225,"y":0.5328837037086487,"z":-0.37914037704467776,"w":-0.6163924932479858},"size":22.0,"orthographic":false}