{"cameraMode":{"drawMode":0,"name":"Shaded","section":"Shading Mode"},"sceneLighting":false,"audioPlay":false,"sceneViewState":{"showFog":false,"showMaterialUpdate":false,"showSkybox":false,"showFlares":false,"showImageEffects":false,"showParticleSystems":false},"in2DMode":false,"pivot":{"x":153.203857421875,"y":0.5317106246948242,"z":-3.602039337158203},"rotation":{"x":0.3351360261440277,"y":0.514311671257019,"z":-0.2280883640050888,"w":0.7557400465011597},"size":8.051115989685059,"orthographic":false}