{"cameraMode":{"drawMode":0,"name":"Shaded","section":"Shading Mode"},"sceneLighting":false,"audioPlay":false,"sceneViewState":{"showFog":false,"showMaterialUpdate":false,"showSkybox":false,"showFlares":false,"showImageEffects":false,"showParticleSystems":false},"in2DMode":false,"pivot":{"x":0.44999998807907107,"y":0.06100000441074371,"z":0.0},"rotation":{"x":0.25501418113708498,"y":0.740973711013794,"z":-0.48167917132377627,"w":0.3923148810863495},"size":0.7836000323295593,"orthographic":false}