{"cameraMode":{"drawMode":0,"name":"Shaded","section":"Shading Mode"},"sceneLighting":false,"audioPlay":false,"sceneViewState":{"showFog":false,"showMaterialUpdate":false,"showSkybox":false,"showFlares":false,"showImageEffects":false,"showParticleSystems":false},"in2DMode":false,"pivot":{"x":845.29541015625,"y":-18.928367614746095,"z":596.0238647460938},"rotation":{"x":0.172111377120018,"y":0.7908083200454712,"z":-0.5276928544044495,"w":0.25795385241508486},"size":109.10360717773438,"orthographic":false}