{"cameraMode":{"drawMode":0,"name":"Shaded","section":"Shading Mode"},"sceneLighting":false,"audioPlay":false,"sceneViewState":{"showFog":false,"showMaterialUpdate":false,"showSkybox":false,"showFlares":false,"showImageEffects":false,"showParticleSystems":false},"in2DMode":false,"pivot":{"x":-0.7415292263031006,"y":-0.3495320677757263,"z":5.364418029785156e-7},"rotation":{"x":-0.017439531162381173,"y":0.8784705400466919,"z":-0.47639545798301699,"w":-0.032136280089616778},"size":2.1875901222229006,"orthographic":false}