{"cameraMode":{"drawMode":0,"name":"Shaded","section":"Shading Mode"},"sceneLighting":false,"audioPlay":false,"sceneViewState":{"showFog":false,"showMaterialUpdate":false,"showSkybox":false,"showFlares":false,"showImageEffects":false,"showParticleSystems":false},"in2DMode":false,"pivot":{"x":1.4565868377685547,"y":0.4326591491699219,"z":1766.1485595703125},"rotation":{"x":-0.3197675943374634,"y":-0.5242420434951782,"z":0.22128649055957795,"w":-0.7575957775115967},"size":8.349432945251465,"orthographic":false}