{"cameraMode":{"drawMode":0,"name":"Shaded","section":"Shading Mode"},"sceneLighting":false,"audioPlay":false,"sceneViewState":{"showFog":false,"showMaterialUpdate":false,"showSkybox":false,"showFlares":false,"showImageEffects":false,"showParticleSystems":false},"in2DMode":false,"pivot":{"x":497.6498107910156,"y":0.08894622325897217,"z":423.8685607910156},"rotation":{"x":0.687414824962616,"y":-0.000010595350431685802,"z":-0.000007798110345902387,"w":0.726265013217926},"size":2159.52734375,"orthographic":false}