{"cameraMode":{"drawMode":0,"name":"Shaded","section":"Shading Mode"},"sceneLighting":false,"audioPlay":false,"sceneViewState":{"showFog":false,"showMaterialUpdate":false,"showSkybox":false,"showFlares":false,"showImageEffects":false,"showParticleSystems":false},"in2DMode":false,"pivot":{"x":1.2276978492736817,"y":-0.4282921552658081,"z":-0.02481047809123993},"rotation":{"x":0.22644473612308503,"y":0.7689876556396484,"z":-0.4676925837993622,"w":0.37234997749328616},"size":0.8036115169525147,"orthographic":false}