{"cameraMode":{"drawMode":0,"name":"Shaded","section":"Shading Mode"},"sceneLighting":false,"audioPlay":false,"sceneViewState":{"showFog":false,"showMaterialUpdate":false,"showSkybox":false,"showFlares":false,"showImageEffects":false,"showParticleSystems":false},"in2DMode":false,"pivot":{"x":3.1874547004699709,"y":-7.9129767417907719,"z":1763.044189453125},"rotation":{"x":0.1793685257434845,"y":0.7985132932662964,"z":-0.49719753861427309,"w":0.28809380531311037},"size":12.350601196289063,"orthographic":false}