{"cameraMode":{"drawMode":0,"name":"Shaded","section":"Shading Mode"},"sceneLighting":false,"audioPlay":false,"sceneViewState":{"showFog":false,"showMaterialUpdate":false,"showSkybox":false,"showFlares":false,"showImageEffects":false,"showParticleSystems":false},"in2DMode":false,"pivot":{"x":999.8120727539063,"y":-1.0731585025787354,"z":-956.9881591796875},"rotation":{"x":-0.10028565675020218,"y":-0.774756669998169,"z":0.6111697554588318,"w":-0.12714765965938569},"size":21.534570693969728,"orthographic":false}