{"cameraMode":{"drawMode":0,"name":"Shaded","section":"Shading Mode"},"sceneLighting":false,"audioPlay":false,"sceneViewState":{"showFog":false,"showMaterialUpdate":false,"showSkybox":false,"showFlares":false,"showImageEffects":false,"showParticleSystems":false},"in2DMode":false,"pivot":{"x":853.580322265625,"y":0.006529390811920166,"z":1028.3221435546875},"rotation":{"x":-0.13665995001792909,"y":0.8627511262893677,"z":-0.3611139953136444,"w":-0.326467901468277},"size":67.34408569335938,"orthographic":false}