{"cameraMode":{"drawMode":0,"name":"Shaded","section":"Shading Mode"},"sceneLighting":false,"audioPlay":false,"sceneViewState":{"showFog":false,"showMaterialUpdate":false,"showSkybox":false,"showFlares":false,"showImageEffects":false,"showParticleSystems":false},"in2DMode":false,"pivot":{"x":9.430562973022461,"y":1.8425025939941407,"z":0.008956938982009888},"rotation":{"x":-0.19477304816246034,"y":0.8037731051445007,"z":-0.36951303482055666,"w":-0.4236418306827545},"size":1.2141897678375245,"orthographic":false}