{"cameraMode":{"drawMode":0,"name":"Shaded","section":"Shading Mode"},"sceneLighting":false,"audioPlay":false,"sceneViewState":{"showFog":false,"showMaterialUpdate":false,"showSkybox":false,"showFlares":false,"showImageEffects":false,"showParticleSystems":false},"in2DMode":false,"pivot":{"x":5034.95361328125,"y":226.15452575683595,"z":4008.88720703125},"rotation":{"x":-0.14460162818431855,"y":0.832524836063385,"z":-0.2565283179283142,"w":-0.4692399203777313},"size":291.2877502441406,"orthographic":false}