{"cameraMode":{"drawMode":0,"name":"Shaded","section":"Shading Mode"},"sceneLighting":false,"audioPlay":false,"sceneViewState":{"showFog":false,"showMaterialUpdate":false,"showSkybox":false,"showFlares":false,"showImageEffects":false,"showParticleSystems":false},"in2DMode":false,"pivot":{"x":0.7819425463676453,"y":24.531293869018556,"z":-0.0020211637020111086},"rotation":{"x":0.5045784115791321,"y":-0.4949395954608917,"z":0.515655517578125,"w":0.4842880368232727},"size":7.801668167114258,"orthographic":false}