{"cameraMode":{"drawMode":0,"name":"Shaded","section":"Shading Mode"},"sceneLighting":false,"audioPlay":false,"sceneViewState":{"showFog":false,"showMaterialUpdate":false,"showSkybox":false,"showFlares":false,"showImageEffects":false,"showParticleSystems":false},"in2DMode":false,"pivot":{"x":846.8900146484375,"y":-0.009703904390335083,"z":597.0},"rotation":{"x":-0.23410145938396455,"y":0.7190500497817993,"z":-0.5885301232337952,"w":-0.28599968552589419},"size":14.874431610107422,"orthographic":false}