{"cameraMode":{"drawMode":0,"name":"Shaded","section":"Shading Mode"},"sceneLighting":false,"audioPlay":false,"sceneViewState":{"showFog":false,"showMaterialUpdate":false,"showSkybox":false,"showFlares":false,"showImageEffects":false,"showParticleSystems":false},"in2DMode":false,"pivot":{"x":4.069644451141357,"y":5.707675933837891,"z":-0.6946780681610107},"rotation":{"x":0.444853276014328,"y":-0.554674506187439,"z":0.512497067451477,"w":0.4814442992210388},"size":78.62818908691406,"orthographic":false}