{"cameraMode":{"drawMode":0,"name":"Shaded","section":"Shading Mode"},"sceneLighting":false,"audioPlay":false,"sceneViewState":{"showFog":false,"showMaterialUpdate":false,"showSkybox":false,"showFlares":false,"showImageEffects":false,"showParticleSystems":false},"in2DMode":false,"pivot":{"x":2.2699999809265138,"y":7.739999771118164,"z":3.259999990463257},"rotation":{"x":0.1934688538312912,"y":0.2189658135175705,"z":-0.044344592839479449,"w":0.955331027507782},"size":9.208402633666993,"orthographic":false}