{"cameraMode":{"drawMode":0,"name":"Shaded","section":"Shading Mode"},"sceneLighting":false,"audioPlay":false,"sceneViewState":{"showFog":false,"showMaterialUpdate":false,"showSkybox":false,"showFlares":false,"showImageEffects":false,"showParticleSystems":false},"in2DMode":false,"pivot":{"x":-0.983390212059021,"y":1.435077428817749,"z":-3.0192630290985109},"rotation":{"x":-0.11692225933074951,"y":-0.05041399598121643,"z":0.005942728370428085,"w":-0.9918429255485535},"size":2.569551944732666,"orthographic":false}