{"cameraMode":{"drawMode":0,"name":"Shaded","section":"Shading Mode"},"sceneLighting":false,"audioPlay":false,"sceneViewState":{"showFog":false,"showMaterialUpdate":false,"showSkybox":false,"showFlares":false,"showImageEffects":false,"showParticleSystems":false},"in2DMode":false,"pivot":{"x":8.43132209777832,"y":-2.8536217212677,"z":-22.153705596923829},"rotation":{"x":0.057633135467767718,"y":0.20213916897773744,"z":-0.011912666261196137,"w":0.9775869846343994},"size":12.249634742736817,"orthographic":false}