{"cameraMode":{"drawMode":0,"name":"Shaded","section":"Shading Mode"},"sceneLighting":false,"audioPlay":false,"sceneViewState":{"showFog":false,"showMaterialUpdate":false,"showSkybox":false,"showFlares":false,"showImageEffects":false,"showParticleSystems":false},"in2DMode":false,"pivot":{"x":3.997925043106079,"y":-138.5353240966797,"z":38.70292663574219},"rotation":{"x":0.12855330109596253,"y":-0.08563222736120224,"z":0.011148970574140549,"w":0.9879356622695923},"size":4.643510818481445,"orthographic":false}