{"cameraMode":{"drawMode":0,"name":"Shaded","section":"Shading Mode"},"sceneLighting":false,"audioPlay":false,"sceneViewState":{"showFog":false,"showMaterialUpdate":false,"showSkybox":false,"showFlares":false,"showImageEffects":false,"showParticleSystems":false},"in2DMode":false,"pivot":{"x":21.23821449279785,"y":-138.67263793945313,"z":48.86578369140625},"rotation":{"x":-0.012742260470986367,"y":0.8167130947113037,"z":0.018058592453598977,"w":0.5766206979751587},"size":4.643510818481445,"orthographic":false}