{"cameraMode":{"drawMode":0,"name":"Shaded","section":"Shading Mode"},"sceneLighting":false,"audioPlay":false,"sceneViewState":{"showFog":false,"showMaterialUpdate":false,"showSkybox":false,"showFlares":false,"showImageEffects":false,"showParticleSystems":false},"in2DMode":false,"pivot":{"x":-8.899206161499024,"y":-93.94999694824219,"z":8.260000228881836},"rotation":{"x":-0.020502561703324319,"y":-0.6612290740013123,"z":0.01808338426053524,"w":-0.7496858239173889},"size":8.17859935760498,"orthographic":false}