{"cameraMode":{"drawMode":0,"name":"Shaded","section":"Shading Mode"},"sceneLighting":false,"audioPlay":false,"sceneViewState":{"showFog":false,"showMaterialUpdate":false,"showSkybox":false,"showFlares":false,"showImageEffects":false,"showParticleSystems":false},"in2DMode":false,"pivot":{"x":2.2699999809265138,"y":7.739999771118164,"z":3.259999990463257},"rotation":{"x":0.1320529729127884,"y":0.20249344408512116,"z":-0.027569115161895753,"w":0.9699476361274719},"size":1.9665952920913697,"orthographic":false}