{"cameraMode":{"drawMode":0,"name":"Shaded","section":"Shading Mode"},"sceneLighting":false,"audioPlay":false,"sceneViewState":{"showFog":false,"showMaterialUpdate":false,"showSkybox":false,"showFlares":false,"showImageEffects":false,"showParticleSystems":false},"in2DMode":false,"pivot":{"x":5.256641387939453,"y":8.461992263793946,"z":3.18379282951355},"rotation":{"x":-0.021342812106013299,"y":0.6000323295593262,"z":0.016017356887459756,"w":0.799530565738678},"size":8.167327880859375,"orthographic":false}