{"cameraMode":{"drawMode":0,"name":"Shaded","section":"Shading Mode"},"sceneLighting":false,"audioPlay":false,"sceneViewState":{"showFog":false,"showMaterialUpdate":false,"showSkybox":false,"showFlares":false,"showImageEffects":false,"showParticleSystems":false},"in2DMode":false,"pivot":{"x":-0.12581929564476014,"y":1.8640705347061158,"z":-3.895082473754883},"rotation":{"x":-0.18482720851898194,"y":-0.7887512445449829,"z":0.5127044916152954,"w":-0.2843318283557892},"size":1.6123782396316529,"orthographic":false}