{"cameraMode":{"drawMode":0,"name":"Shaded","section":"Shading Mode"},"sceneLighting":false,"audioPlay":false,"sceneViewState":{"showFog":false,"showMaterialUpdate":false,"showSkybox":false,"showFlares":false,"showImageEffects":false,"showParticleSystems":false},"in2DMode":false,"pivot":{"x":3.740000009536743,"y":-144.3800048828125,"z":35.22999954223633},"rotation":{"x":0.4378831386566162,"y":0.5111443996429443,"z":-0.3410472571849823,"w":0.6562594771385193},"size":13.376911163330079,"orthographic":false}